Año;Departamento;Reforma;VFAd;VPNd;VPCd;Votrosd;VFAn;VPNn;VPCn;Votrosn;Candidatos_FA;Candidatos_PN;Candidatos_PC;Candidatos_otros;Nro_Candidatos;CandidatosSignificativos;PartidosSignificativos;Nro_Efectivo_Candidatos;Nro_Partidos;Nro_Efectivo_Partidos;Volatilidad_INTER;Volatilidad_INTRA;COX_RATIO;VotosPartidoGanador;VotoCandidatoGanador;CompPartido;CompCandidato;Incumbente;Pgob_Izquierda;Congruencia_DEP_NAC;Alineamiento_con_Pgob_Nac;AlternanciaNACIONAL;Votos_Pgob;Compresumen;NECFA;NECPN;NECPC;X1971;X1984
1971;ARTIGAS;0;0,0784;0,3673;0,5508;0,0035;0,076851852;0,361400463;0,534635417;0,027112269;1;3;2;1;7;6;3;4,373135353;5;2,250157102;0,223074628;0,003183942;0,213401311;0,5508;0,562917756;0,63285;0,647510414;1;0;1;1;0;0,547612697;0,640180207;1;1,904069057;1,999870539;1;0
1971;CANELONES;0;0,114;0,4331;0,4489;0,004;0,108851303;0,416564476;0,430737411;0,04384681;1;6;2;3;12;6;3;5,55239077;7;2,486967449;1,383667903;0,000862204;0,263212591;0,4489;0,404689162;0,76765;0,787120646;1;0;1;1;0;0,448694628;0,777385323;1;3,170194351;1,867169196;1;0
1971;CERRO LARGO;0;0,069;0,6046;0,326;0,0004;0,066653813;0,58690832;0,317651595;0,028786272;1;3;7;1;12;8;3;5,92583145;5;2,098249848;0,337510122;0,000941883;0,211534929;0,6046;0,577446231;0,5584;0,60951366;1;0;1;0;0;0,604040164;0,58395683;1;2,64451035;4,131420054;1;0
1971;COLONIA;0;0,1123;0,4998;0,384;0,0039;0,110580821;0,494377468;0,379167865;0,015873846;1;4;5;1;11;7;3;7,352820647;5;2,440055204;0,501811363;0,000589899;0,29245577;0,4998;0,540014441;0,6922;0,63669595;0;0;1;0;0;0,500370557;0,664447975;1;3,814222967;2,546366364;1;0
1971;DURAZNO;0;0,0795;0,5289;0,3898;0,0018;0,077777487;0,51355095;0,378328934;0,030342629;1;2;8;1;12;6;3;5,372910686;5;2,283095661;0,220645271;0,00059437;0,203897635;0,5289;0,523006386;0,666;0,715490421;0;0;1;0;0;0,528652139;0,69074521;1;1,955442813;4,136316294;1;0
1971;FLORES;0;0,078;0,5326;0,381;0,0084;0,076573587;0,518964725;0,372249732;0,032211956;1;3;3;1;8;6;3;5,345720068;5;2,299054877;0,124088991;0,000923782;0,204318937;0,5326;0,495817578;0,6579;0,667526069;0;0;1;0;0;0,53163895;0,662713034;1;2,732666751;1,881585003;1;0
1971;FLORIDA;0;0,0853;0,497;0,4151;0,0026;0,083981975;0,490027814;0,408029496;0,017960715;1;3;6;1;11;7;3;6,610929515;5;2,343811769;0,249009078;0,000703297;0,205586178;0,497;0,478491426;0,71055;0,670507483;0;0;1;0;0;0,497744196;0,690528742;1;2,799192787;3,093236367;1;0
1971;LAVALLEJA;0;0,0699;0,508;0,4192;0,0029;0,068543959;0,496715775;0,411450239;0,023290027;1;2;5;1;9;7;3;4,925090063;5;2,279808405;0,284874057;0,00092959;0,166632901;0,508;0,222704231;0,7016;0,881434003;0;0;1;0;0;0,50705417;0,791517001;1;1,830238363;3,048100489;1;0
1971;MALDONADO;0;0,0958;0,392;0,509;0,0032;0,093876491;0,387995411;0,499772722;0,018355376;1;3;3;2;9;5;3;4,5731464;6;2,36983504;0,366214892;0,001940201;0,244289411;0,509;0,541628002;0,687;0,630396051;1;0;1;1;0;0,50748401;0,658698025;1;2,014067536;1,94489993;1;0
1971;MONTEVIDEO;0;0,3015;0,2969;0,3955;0,0061;0,291472609;0,28769208;0,382021423;0,038813888;1;3;3;4;11;5;4;4,370547233;8;2,98108484;7,368047564;0,000565826;0,984750661;0,3955;0,567486256;0,75525;0,591807737;0;0;1;1;0;0,394970227;0,673528869;1;1,341792371;2,150643972;1;0
1971;PAYSANDÚ;0;0,1316;0,4209;0,4399;0,0076;0,129273615;0,411843154;0,42869514;0,030188091;1;4;3;1;9;7;3;6,615958204;5;2,577330172;0,457337084;0,001226888;0,312674036;0,4399;0,836284212;0,77055;0,23171486;1;0;1;1;0;0,438678576;0,50113243;1;2,592800514;2,956216405;1;0
1971;RÍO NEGRO;0;0,1267;0,4379;0,435;0,0004;0,124749622;0,431106582;0,42671399;0,017429806;1;3;3;1;8;6;3;4,213742444;5;2,518469012;0,196799216;0,000902654;0,291243707;0,4379;0,467685001;0,7796;0,720332456;0;0;1;0;0;0,434112684;0,749966228;1;1,503980216;2,019046683;1;0
1971;RIVERA;0;0,076;0,4954;0,4261;0,0025;0,074797703;0,487824291;0,417745267;0,019632739;1;2;5;1;9;6;3;4,990811569;5;2,307805052;0,289285258;0,000873006;0,178257322;0,4954;0,587843037;0,71765;0,501575496;0;0;1;0;0;0,425272499;0,609612748;1;1,999371114;2,537471917;1;0
1971;ROCHA;0;0,0612;0,484;0,4535;0,0013;0,059784474;0,471251745;0,440135447;0,028828334;1;3;4;1;9;5;3;4,38760289;5;2,254020073;0,236904914;0,000849973;0,135007032;0,484;0,330156414;0,74275;0,791280952;0;0;1;0;0;0,452613995;0,767015476;1;2,00440659;1,916677238;1;0
1971;SALTO;0;0,1076;0,4587;0,429;0,0047;0,104733943;0,449432527;0,417451974;0,028381557;1;3;5;1;10;6;3;5,061333028;5;2,462594779;0,488641691;0,001672491;0,250926276;0,4587;0,469494828;0,7558;0,7649228;1;0;1;0;0;0,427658921;0,7603614;1;2,264711115;1,977027445;1;0
1971;SAN JOSÉ;0;0,0934;0,5264;0,3426;0,0376;0,09157749;0,518259373;0,336582354;0,053580783;1;3;6;1;11;9;4;7,085341283;5;2,471724426;0,385223543;0,000717832;0,272641089;0,5264;0,472667424;0,6449;0,749539559;0;0;1;0;0;0,527074851;0,697219779;1;2,869587469;3,405783037;1;0
1971;SORIANO ;0;0,103;0,4675;0,4267;0,0028;0,099275336;0,45303966;0,417377646;0,030307357;1;5;4;2;12;6;3;4,72041595;6;2,431428909;0,372565316;0,002509649;0,241385312;0,4675;0,725622341;0,74585;0,402889516;0;0;1;0;0;0,429198098;0,574369758;1;1,606662142;2,79518558;1;0
1971;TACUAREMBÓ;0;0,0907;0,5198;0,3859;0,0036;0,08776981;0,502631858;0,374306709;0,035291624;1;2;5;1;9;5;3;4,625401854;5;2,340425302;0,372863658;0,000717367;0,235079056;0,5198;0,545082461;0,67315;0,633301232;1;0;1;0;0;0,519099566;0,653225616;1;1,994334328;2,053110017;1;0
1971;TREINTA Y TRES;0;0,0726;0,5517;0,374;0,0017;0,071507777;0,535858783;0,366649684;0,025983756;1;5;9;1;16;8;3;7,348238858;5;2,22418441;0,208583728;0,002511378;0,194229184;0,5517;0,618671971;0,6353;0,532994924;1;0;1;0;0;0,549359388;0,584147462;1;2,899942763;5,415802448;1;0
1984;ARTIGAS;0;0,05851917;0,36630103;0,53520981;0,03996999;0,059269416;0,372302996;0,534873493;0,033554095;1;5;3;1;10;6;3;5,102202571;5;2,358051878;0,234472531;0,003699488;0,159757045;0,53520981;0,562917756;0,647940705;0,647510414;0;0;1;1;1;0;0,647725559;1;3,573765441;2,023227708;0;1
1984;CANELONES;0;0,152486691;0,354004631;0,437986107;0,055522571;0,15326842;0,357329454;0,441444517;0,047957609;1;4;3;1;9;6;3;6,707604391;5;2,934332467;3,11647146;0,004019969;0,430747729;0,437986107;0,404689162;0,739016209;0,787120646;0;0;1;1;1;0;0,763068427;1;2,682087108;2,810958794;0;1
1984;CERRO LARGO;0;0,060882289;0,511082989;0,388428608;0,039606114;0,061811639;0,509540664;0,395349297;0,0332984;1;3;4;1;9;6;3;5,163212837;5;2,404741434;0,590326232;0,004775275;0,156739971;0,511082989;0,577446231;0,683131315;0,60951366;0;0;1;0;1;0;0,646322488;1;2,102494864;2,824010448;0;1
1984;COLONIA;0;0,116938243;0,421846887;0,418451129;0,042763741;0,117989914;0,423164644;0,423050607;0,035794835;1;4;2;1;8;5;3;4,399544512;5;2,725542965;1,118188031;0,003674514;0,279454958;0,421846887;0,540014441;0,787378678;0,63669595;0;0;1;0;1;0;0,712037314;1;2,367352183;1,401572044;0;1
1984;DURAZNO;0;0,048896956;0,512370846;0,374923206;0,063808992;0,051466071;0,494694219;0,397598436;0,056241273;1;2;5;1;9;6;3;4,515992446;5;2,465161082;0,323909725;0,022074839;0,130418591;0,512370846;0,523006386;0,675090757;0,715490421;0;0;1;0;1;0;0,695290589;1;1,995774596;2,149859731;0;1
1984;FLORES;0;0,044796091;0,508522893;0,388562453;0,058118564;0,047181337;0,489557275;0,403048461;0,060212927;1;3;2;2;9;7;3;5,589747429;5;2,426716349;0,096152626;0,018296585;0,11528672;0,508522893;0,495817578;0,685758334;0,667526069;0;0;1;0;1;0;0,676642201;1;2,603731501;1,881673999;0;1
1984;FLORIDA;0;0,088912838;0,413377341;0,453882078;0,043827743;0,089294535;0,412771117;0,460281108;0,03765324;1;4;5;1;11;7;3;6,35952881;5;2,597425405;0,492760375;0,003861871;0,215088806;0,453882078;0,478491426;0,752806592;0,670507483;0;0;1;1;1;0;0,711657038;1;2,455594623;2,927227618;0;1
1984;LAVALLEJA;0;0,049566763;0,447633859;0,456720729;0,046078649;0,050011109;0,441257498;0,46742946;0,041301933;1;3;6;1;11;9;3;7,827633461;5;2,429368693;0,527837158;0,009175739;0,110730594;0,456720729;0,222704231;0,767096201;0,881434003;0;0;1;1;1;0;0,824265102;1;2,627236938;5,105615108;0;1
1984;MALDONADO;0;0,109727498;0,378876961;0,445829893;0,065565648;0,110371594;0,380033031;0,456184971;0,053410405;1;4;3;1;9;6;3;5,468830033;5;2,81615697;0,506400522;0,006440958;0,289612484;0,445829893;0,541628002;0,743608588;0,630396051;0;0;1;1;1;0;0,687002319;1;1,996273865;2,354049277;0;1
1984;MONTEVIDEO;0;0,33086389;0,261044601;0,347727414;0,060364095;0,331115435;0,266103325;0,354598151;0,048183089;1;3;3;4;11;6;4;4,18612073;8;3,339257474;14,45880126;0,006338152;0,78897882;0,347727414;0,567486256;0,81770453;0,591807737;0;0;1;1;1;0;0,704756134;1;1,097403868;2,290856093;0;1
1984;PAYSANDÚ;0;0,140110018;0,396823429;0,406508096;0,056558457;0,140590377;0,406864492;0,401936933;0,050608197;1;3;3;1;8;4;3;3,446964802;5;2,918255618;0,719367021;0,007592779;0,353078996;0,406508096;0,836284212;0,791903618;0,23171486;1;0;0;1;1;0;0,511809239;1;1,215814001;1,391526902;0;1
1984;RÍO NEGRO;0;0,092723479;0,348175821;0,525848142;0,033252558;0,093026387;0,349421109;0,527766559;0,029785945;1;5;3;1;10;6;3;5,153753492;5;2,460875414;0,121336002;0,001918417;0,266312228;0,525848142;0,467685001;0,648239768;0,720332456;0;0;1;1;1;0;0,684286112;1;1,78180491;2,600408387;0;1
1984;RIVERA;0;0,062088678;0,41415389;0,483935282;0,03982215;0,062459199;0,411895478;0,487481695;0,038163629;1;3;5;1;10;8;3;5,588308304;5;2,441335161;0,62178675;0,003246467;0,149916926;0,483935282;0,587843037;0,723141662;0,501575496;1;0;1;1;1;0;0,612358579;1;2,488279455;2,480411388;0;1
1984;ROCHA;0;0,063487682;0,390702275;0,505946219;0,039863824;0,064614818;0,392795528;0,50967267;0,032916983;1;3;5;1;10;8;3;6,443455318;5;2,42258068;0,425370317;0,003783958;0,16249632;0,505946219;0,330156414;0,689404918;0,791280952;0;0;1;1;1;0;0,740342935;1;1,855224126;4,271444989;0;1
1984;SALTO;0;0,09895017;0,363255952;0,49463256;0,043161319;0,099438119;0,365207748;0,492311105;0,043043028;1;6;3;2;12;7;3;5,738627968;6;2,586806643;0,830140593;0,00240278;0,272397932;0,49463256;0,469494828;0,686995416;0,7649228;0;0;1;1;1;0;0,725959108;1;2,895856588;2,252074366;0;1
1984;SAN JOSÉ;0;0,103376568;0,45167771;0,341181446;0,103764275;0,103623291;0,432380516;0,359051177;0,104945016;1;3;4;1;9;8;4;5,923577787;5;2,992434154;0,639521787;0,019024038;0,302995868;0,45167771;0,472667424;0,718913013;0,749539559;1;0;1;0;1;0;0,734226286;1;2,337574987;2,240896358;0;1
1984;SORIANO ;0;0,100552207;0,424315155;0,429494352;0,045638286;0,102356805;0,422203775;0,434944238;0,040495182;1;3;3;2;9;5;3;4,484884172;6;2,666976301;0,67372701;0,004890461;0,23697529;0,429494352;0,725622341;0,782663226;0,402889516;0;0;1;1;1;0;0,592776371;1;1,970401418;1,686653138;0;1
1984;TACUAREMBÓ;0;0,076108005;0,456465344;0,417808469;0,049618181;0,077386825;0,445412693;0,424366985;0,052833498;1;3;3;1;8;6;3;4,25673314;5;2,571263797;0,68642945;0,009609412;0,182160035;0,456465344;0,545082461;0,752438891;0,633301232;1;0;1;0;1;0;0,692870061;1;2,303981257;1,786039775;0;1
1984;TREINTA Y TRES;0;0,051228558;0,487217697;0,419696669;0,041857077;0,054407577;0,478740314;0,433803563;0,033048546;1;4;8;1;14;7;3;5,9;5;2,402840441;0,212260378;0,013030664;0,122060912;0,487217697;0,618671971;0,722630638;0,532994924;1;0;1;0;1;0;0,627812781;1;2,091048776;4,246167214;0;1
1989;ARTIGAS;0;0,047522412;0,423107801;0,435127782;0,094242005;0,048905044;0,440792115;0,425070247;0,085232594;1;5;3;1;10;8;4;6,474850968;4;2,687820654;0,100211256;0,015476562;0,112317504;0,435127782;0,552938158;0,776426118;0,647369772;1;0;0;0;1;0,4059;0,711897945;1;3,969881173;2,134968884;0;0
1989;CANELONES;0;0,157572094;0,381640695;0,315833781;0,14495343;0,158624395;0,390699445;0,314136665;0,136539495;1;4;6;4;15;9;4;8,051887852;6;3,619269788;0,109002383;0,007142217;0,498908297;0,381640695;0,413335839;0,776276196;0,736918451;1;0;1;1;1;0,2914;0,756597323;1;3,252412502;2,789858315;0;0
1989;CERRO LARGO;0;0,053853755;0,587908066;0,275636803;0,082601376;0,055024887;0,596124286;0,286835749;0,062015078;1;4;5;2;12;7;4;6,039542648;5;2,350488042;0,11164014;0,011025106;0,195379406;0,587908066;0,385152403;0,549910335;0,784921773;1;0;1;1;1;0,4918;0,667416054;1;2,94785697;2,631149106;0;0
1989;COLONIA;0;0,108627204;0,479279694;0,314304398;0,097788704;0,109801879;0,490166634;0,317876865;0,082154621;1;7;4;4;16;10;4;9,403662118;5;2,921949718;0,100655323;0,010311713;0,345611466;0,479279694;0,301822785;0,677872505;0,834835443;0;0;1;1;1;0,369;0,756353974;1;4,168172823;3,606654498;0;0
1989;DURAZNO;0;0,052202948;0,580503298;0,281428998;0,085864756;0,056166354;0,576567039;0,292531965;0,074734642;1;3;7;1;12;9;3;5,005834021;4;2,382250857;0,090591013;0,011700193;0,185492428;0,580503298;0,564816548;0,560211201;0,628463122;1;0;1;1;1;0,4859;0,594337162;1;2,123998338;5,152744569;0;0
1989;FLORES;0;0,072401997;0,52638663;0,293477651;0,107733722;0,075766923;0,531658348;0,310919186;0,081655544;1;2;5;1;9;7;4;4,816351284;4;2,705727721;0,075961008;0,017105042;0,246703612;0,52638663;0,620321421;0,620352196;0,569517868;1;0;1;1;1;0,4643;0,594935032;1;1,890521815;3,72372496;0;0
1989;FLORIDA;0;0,089941973;0,478143133;0,323834086;0,108080808;0,090737159;0,484418655;0,327186761;0,097657425;1;3;4;4;12;8;4;6,536559388;6;2,893410298;0,123665424;0,006554911;0,277740908;0,478143133;0,512625467;0,683773909;0,672142954;0;0;1;1;1;0,368;0,677958431;1;2,419971143;2,980413765;0;0
1989;LAVALLEJA;0;0,048183306;0,481811238;0,361833061;0,108172395;0,049121658;0,499465357;0,362880524;0,08853246;1;6;6;2;15;12;4;10,42248247;5;2,720837344;0,082708086;0,011314785;0,133164465;0,481811238;0,251508415;0,699105292;0,869731888;1;0;1;1;1;0,4378;0,78441859;1;4,677674172;4,240583221;0;0
1989;MALDONADO;0;0,108034552;0,400884511;0,336927583;0,154153355;0,110105313;0,422790202;0,330301148;0,136803337;1;5;4;3;13;8;4;7,199643437;5;3,424289625;0,097427783;0,017431369;0,320646209;0,400884511;0,376003602;0,767579281;0,753714264;1;0;1;1;1;0,4026;0,760646772;1;3,609960932;1,868875487;0;0
1989;MONTEVIDEO;0;0,34606586;0,233923467;0,23507098;0,184939692;0,330494138;0,254885117;0,239193994;0,175426751;1;3;3;5;12;7;4;4,81221298;8;4,099967599;0,12495383;0,02385579;0,995118443;0,34606586;1;0,771469629;0;0;1;1;0;1;0,2035;0,385734815;1;2,348698871;2,053996868;0;0
1989;PAYSANDÚ;0;0,097842224;0,463006472;0,314167519;0,124983784;0,09962956;0,490450726;0,304120962;0,105798752;1;5;3;4;13;7;4;5,085634096;5;3,072215465;0,119891479;0,021390374;0,311433291;0,463006472;0,458988273;0,694077288;0,728106287;0;0;1;1;1;0,3407;0,711091788;1;2,725766981;1,212670179;0;0
1989;RÍO NEGRO;0;0,099400932;0,34888586;0,431741101;0,119972107;0,101873276;0,38993312;0,428761609;0,079431995;1;3;6;1;11;9;3;4,529612286;4;3,136461891;0,062949912;0,025389077;0,284909603;0,431741101;0,723874006;0,742701829;0,325287018;1;0;1;0;1;0,3527;0,533994423;1;1,736159169;1,83474271;0;0
1989;RIVERA;0;0,050341203;0,473417523;0,415420817;0,060820457;0,052113891;0,478610087;0,412565691;0,05671033;1;2;6;1;10;6;3;4,980758142;4;2,502930272;0,075239532;0,005961252;0,121181224;0,473417523;0,67628628;0,734292886;0,48557058;1;0;1;1;1;0,3717;0,609931733;1;1,778872916;3,1789698;0;0
1989;ROCHA;0;0,055644516;0,472862501;0,375816443;0,095676541;0,057983229;0,487421516;0,374151953;0,080443302;1;2;7;2;12;8;4;5,626424093;5;2,708105191;0,122780591;0,010745438;0,148063015;0,472862501;0,613159185;0,715045721;0,580261222;1;0;1;1;1;0,3657;0,647653472;1;1,902551313;4,020026993;0;0
1989;SALTO;0;0,079630383;0,460717641;0,349706241;0,109945735;0,080920398;0,471528528;0,34357867;0,103972405;1;4;5;2;12;7;4;6,034851213;5;2,91325799;0,150897879;0,009619025;0,227706496;0,460717641;0,521405887;0,71413548;0,609166972;1;0;1;1;1;0,3279;0,661651226;1;2,611392994;2,120126867;0;0
1989;SAN JOSÉ;0;0,096782951;0,525247726;0,242805755;0,135163567;0,10012556;0,53814307;0,253461382;0,108269988;1;3;6;3;13;7;4;4,531245808;5;2,872733874;0,094567865;0,015796797;0,398602376;0,525247726;0,719288063;0,596155151;0,418198233;1;0;1;1;1;0,3908;0,507176692;1;1,686288928;3,843761324;0;0
1989;SORIANO ;0;0,092244213;0,455538849;0,335880131;0,116336807;0,096457794;0,477026365;0,331281908;0,095233932;1;4;4;2;11;8;4;7,049955274;5;3,024943052;0,078152611;0,018375411;0,274634324;0,455538849;0,407293548;0,712401217;0,746551128;1;0;1;1;1;0,3568;0,729476172;1;3,095319641;2,550385271;0;0
1989;TACUAREMBÓ;0;0,061518953;0,508722325;0,345380081;0,084378641;0,064089382;0,521762972;0,345859894;0,068287751;1;4;4;3;12;6;3;3,637266676;6;2,61342001;0,077633285;0,009159298;0,178119573;0,508722325;0,854114118;0,663967715;0,185594394;1;0;1;1;1;0,4808;0,424781055;1;1,378728041;2,22672903;0;0
1989;TREINTA Y TRES;0;0,042618341;0,511607561;0,364099359;0,081674738;0,045867833;0,528667396;0,365411654;0,060053117;1;4;3;1;9;7;3;5,22;4;2,520287047;0,05466057;0,013357288;0,117051403;0,511607561;0,54066634;0,670442118;0,605279275;1;0;1;1;1;0,4383;0,637860697;1;2,55350453;2,012692627;0;0
1994;ARTIGAS;0;0,122649709;0,395951245;0,414117647;0,067281399;0,130323264;0,405935347;0,418081611;0,045659777;2;6;5;3;16;6;3;5,589662887;6;2,912283488;0,076107428;0,011499735;0,309759623;0,414117647;0,556712666;0,783857976;0,638306059;1;0;1;1;1;0,4023;0,711082017;1,384021448;2,299607545;2,159201956;0;0
1994;CANELONES;0;0,258849172;0,286104782;0,322901832;0,132144213;0,26285642;0,29141745;0,327664641;0,118061489;1;4;7;7;19;8;4;6,016217584;10;3,908799248;0,115183438;0,008845217;0,904735569;0,322901832;0,490134204;0,820150559;0,61154427;1;0;1;1;1;0,3225;0,715847414;1;2,033173883;3,256719576;0;0
1994;CERRO LARGO;0;0,129675029;0,520174743;0,313081787;0,037068441;0,135628879;0,491830008;0,311143448;0,061397665;1;3;5;4;13;5;3;4,917955007;7;2,593814632;0,100623647;0,018893103;0,41418899;0,520174743;0,518162469;0,63636615;0,719634622;0;0;1;0;1;0,3136;0,678000386;1;2,021340709;2,267470416;0;0
1994;COLONIA;0;0,188446913;0,359944468;0,352568359;0,099040261;0,193048626;0,369029147;0,355231434;0,082690793;1;5;9;3;18;9;4;7,678614749;6;3,444949838;0,124971906;0,010799445;0,534497518;0,359944468;0,485484846;0,816339711;0,729772865;0;0;1;0;1;0,3263;0,773056288;1;2,360119892;5,654410477;0;0
1994;DURAZNO;0;0,102464298;0,500276149;0,290403177;0,106856376;0,113878442;0,485942719;0,311311575;0,088867265;1;3;8;3;15;7;3;5,523656086;6;2,892982234;0,071976974;0,025247876;0,352834631;0,500276149;0,480025264;0,64492544;0,746539292;1;0;1;0;1;0,3592;0,695732366;1;2,271598783;2,693340548;0;0
1994;FLORES;0;0,113742003;0,466998414;0,306173785;0,113085799;0,130365834;0,464264231;0,316235577;0,089134358;1;6;4;2;13;7;3;7,703738813;5;3,0747896;0,062299318;0,018346366;0,37149491;0,466998414;0,315468512;0,686088478;0,841620734;0;0;1;0;1;0,3444;0,763854606;1;3,588915073;2,824979114;0;0
1994;FLORIDA;0;0,166488928;0,354599251;0,365598143;0,113313678;0,178346745;0,368042638;0,371783885;0,081826732;2;3;5;4;14;6;4;5,960051349;6;3,468535486;0,136201706;0,018180793;0,469512914;0,365598143;0,515799421;0,811701483;0,693077786;1;0;1;1;1;0,3424;0,752389634;1,214794406;2,247277434;2,128929;0;0
1994;LAVALLEJA;0;0,098391838;0,434549542;0,33507695;0,13198167;0,111018235;0,437803832;0,366138008;0,085039924;1;2;5;3;11;5;3;3,746676297;6;3,212943879;0,075077923;0,026745035;0,29363953;0,434549542;0,945815504;0,732988933;0,081276744;1;0;1;0;1;0,3855;0,407132839;1;1,114202494;3,472556132;0;0
1994;MALDONADO;0;0,158291205;0,417150834;0,306345733;0,118212229;0,184005899;0,402641105;0,33668052;0,076672476;1;2;3;3;9;5;4;3,633480126;6;3,395734132;0,072451301;0,04130214;0,516707718;0,417150834;0,962900404;0,736022033;0,055649394;1;0;1;0;1;0,3454;0,395835713;1;1,076943791;2,021963297;0;0
1994;MONTEVIDEO;0;0,423483743;0,19428089;0,250474192;0,131761176;0,425943021;0,203519744;0,256464149;0,114073087;1;1;2;12;16;5;4;3,337185947;15;3,519964308;0,092240539;0,011479962;0,775652327;0,423483743;1;0,701753353;0;0;1;1;0;1;0,2913;0,350876676;1;1;1,398774207;0;0
1994;PAYSANDÚ;0;0,214736696;0,389925761;0,280677166;0,114660376;0,247054742;0,340706307;0,293165892;0,119073059;1;1;5;3;10;3;3;3,264164378;6;3,607646257;0,131236286;0,050516894;0,765066495;0,389925761;1;0,750412822;0;1;0;1;0;1;0,2731;0,375206411;1;1;1,507230677;0;0
1994;RÍO NEGRO;0;0,161223114;0,353912617;0,387401189;0,09746308;0,17268215;0,352656413;0,408572829;0,066088608;1;4;1;3;9;5;3;3,688135364;6;3,315264344;0,060961515;0,019486488;0,455544974;0,387401189;1;0,78955512;0;0;0;1;1;1;0,4114;0,39477756;1;2,349729386;1;0;0
1994;RIVERA;0;0,083449947;0,375058307;0,474578311;0,066913435;0,088355227;0,371747995;0,475646639;0,064250139;1;3;3;4;11;5;3;3,938351774;7;2,681582735;0,099209254;0,005213741;0,222498596;0,474578311;0,857586889;0,712950842;0,181770476;1;0;1;1;1;0,4062;0,447360659;1;1,341006097;1,978116887;0;0
1994;ROCHA;0;0,117424627;0,377950355;0,39695867;0,107666348;0,127207405;0,365708602;0,413591524;0,093492469;1;3;6;3;13;8;3;6,833595002;6;3,175272146;0,093501827;0,022057715;0,310687967;0,39695867;0,535787636;0,792016508;0,5534504;1;0;1;1;1;0,3505;0,672733454;1;2,703101142;2,792318661;0;0
1994;SALTO;0;0,187002635;0,334483543;0,379074215;0,099439607;0,19576295;0,32791665;0,392020757;0,084299643;1;3;4;5;13;5;3;4,008850895;8;3,43902624;0,149424012;0,01602937;0,559078732;0,379074215;0,874163983;0,788167556;0,169963551;1;0;1;1;1;0,3763;0,479065554;1;1,743229648;1,293553059;0;0
1994;SAN JOSÉ;0;0,190660953;0,423749114;0,278872432;0,106717501;0,18090649;0,390829694;0,271314561;0,156949255;1;4;8;4;17;9;4;6,176524786;5;3,386886826;0,128825825;0,028391422;0,683685198;0,423749114;0,622957354;0,715687101;0,548465524;0;0;1;0;1;0,2981;0,632076313;1;1,973633759;5,586902846;0;0
1994;SORIANO ;0;0,189491076;0,362167186;0,341066726;0,107275012;0,203397415;0,356849044;0,345730857;0,094022684;1;3;3;3;10;6;3;5,039599276;6;3,523810193;0,107316835;0,014698036;0,55558359;0,362167186;0,444656307;0,808366177;0,703332062;0;0;1;0;1;0,3633;0,75584912;1;2,836133767;1,387585064;0;0
1994;TACUAREMBÓ;0;0,118328198;0,481844084;0,30005301;0,099774708;0,127555246;0,480783885;0,320031143;0,071629725;1;4;5;3;13;9;3;7,882488755;6;2,971567935;0,070009925;0,017319352;0,394357644;0,481844084;0,328020105;0,668182421;0,822494578;0;0;1;0;1;0,3167;0,745338499;1;3,742045902;2,920134974;0;0
1994;TREINTA Y TRES;0;0,108050912;0,428515283;0,356350334;0,107083472;0,116128642;0,438308548;0,36552412;0,080038689;1;4;7;2;14;9;3;7,21;5;3,095357126;0,079929743;0,016511691;0,303215407;0,428515283;0,449207697;0,749659885;0,723224392;0;0;1;0;1;0,3208;0,736442138;1;2,910148369;2,999321239;0;0
2000;ARTIGAS;1;0,150113723;0,255475529;0,571392469;0,02301828;0,222111351;0,402252271;0,33794241;0,037693968;1;2;2;0;5;3;3;3,960519359;3;2,413760972;0,167079984;0,168858519;0,587585525;0,571392469;0,603012849;0,556345295;0,595480727;0;0;1;1;0;0,1693;0,575913011;1;1,351774451;1,918563524;0;0
2000;CANELONES;1;0,386350948;0,128241292;0,439291433;0,046116327;0,380431368;0,322544372;0,213585024;0,083439236;1;1;2;1;5;2;3;3,524388228;4;2,78723639;0,224367486;0,125027473;0,331929538;0,439291433;0,547783301;0,753884041;0,678325049;1;0;0;1;0;0,0921;0,716104545;1;1;1,981899362;0;0
2000;CERRO LARGO;1;0,184908616;0,663846823;0,120087032;0,031157528;0,25994437;0,313578267;0,372246207;0,054231156;1;3;2;1;7;4;3;4,971293337;4;2,043483456;0,199147277;0,288480084;0,649439895;0,663846823;0,374504294;0,428607485;0,808874123;0;0;1;0;0;0,1103;0,618740804;1;2,92645943;1,603366626;0;0
2000;COLONIA;1;0,163520585;0,41197343;0,365881341;0,058624645;0,29158952;0,326293742;0,296692742;0,085423996;1;1;1;1;4;2;3;2,798601114;4;3,023336514;0,050705342;0,159698516;0,446922449;0,41197343;1;0,770967241;0;1;0;0;0;0;0,1144;0,38548362;1;1;1;0;0
2000;DURAZNO;1;0,118817302;0,514014549;0,324094595;0,043073554;0,213521782;0,359181816;0,371495032;0,05580137;1;2;2;1;6;3;3;3,978765669;4;2,607970989;0,04000281;0,147617924;0,366613033;0,514014549;0,753697586;0,648032748;0,369453621;0;0;1;0;0;0,1498;0,508743185;1;1,590520675;1,94228858;0;0
2000;FLORES;1;0,075457317;0,790995209;0,106108449;0,027439024;0,211753484;0,344390864;0,389115574;0,054740077;1;2;2;1;6;3;3;2,936885761;4;1,556017936;0,289253233;0,400942356;0,711133915;0,790995209;0,531917827;0,262059016;0,702123259;1;0;1;0;0;0,1467;0,482091138;1;1,991883095;1,903871957;0;0
2000;FLORIDA;1;0,216487589;0,384261847;0,362710391;0,036540173;0,282808226;0,342356398;0,313868909;0,060966467;1;2;2;1;6;3;3;4,145209345;4;3,065814937;0,053974152;0,091458146;0,596860731;0,384261847;0,639768986;0,797093348;0,540346521;1;0;0;0;0;0,1453;0,668719935;1;1,855044112;1,290702359;0;0
2000;LAVALLEJA;1;0,116916641;0,516311362;0,322243981;0,044528016;0,204750152;0,385489738;0,345414393;0,064345718;1;2;2;1;6;3;3;4,616426671;4;2,603221303;0,064616802;0,1757002;0,362820247;0,516311362;0,509319725;0,644810628;0,736020413;0;0;0;0;0;0,1562;0,69041552;1;1,999305383;1,932139152;0;0
2000;MALDONADO;1;0,336158127;0,373172928;0,254774055;0,03589489;0,345561661;0,345380389;0,22849374;0,08056421;1;3;2;1;7;3;3;4,775115158;4;3,15225301;0,153575173;0,143433672;0,757899437;0,373172928;0,442330338;0,794906135;0,709327549;0;0;0;0;0;0,0945;0,752116842;1;2,838067099;1,823022675;0;0
2000;MONTEVIDEO;1;0,563585355;0,113393039;0,271837898;0,051183707;0,506319575;0,291270071;0,123923875;0,078486479;1;1;1;2;5;3;3;3,4420245;5;2,471770499;0,149084353;0,062585222;0,41713477;0,563585355;1;0,572333594;0;1;1;1;0;0;0,0825;0,286166797;1;1;1;0;0
2000;PAYSANDÚ;1;0,363881882;0,420377276;0,182276815;0,033464027;0,408845696;0,273092688;0,252796509;0,065265106;1;2;2;1;6;3;3;3,360396898;4;2,920268387;0,143424928;0,164655391;0,500923031;0,420377276;0,81017702;0,761563665;0,28473447;0;0;0;0;0;0,0609;0,523149068;1;1,444211063;1,179830831;0;0
2000;RÍO NEGRO;1;0,214154139;0,329609602;0,399994058;0,056242201;0,282577456;0,411392769;0,237109847;0,068919929;1;1;2;1;5;2;3;3,321891687;4;3,175335663;0,046229525;0,097405778;0,64972057;0,399994058;0,875549594;0,764810743;0,186675609;0;0;1;1;0;0,1374;0,475743176;1;1;1,278649754;0;0
2000;RIVERA;1;0,112623762;0,392401288;0,457026124;0,037948825;0,189175511;0,406243674;0,353075566;0,051505249;1;2;2;1;6;3;3;3,38435865;4;2,662509563;0,033255298;0,0906699;0,287011704;0,457026124;0,826421646;0,73917452;0,260367531;0;0;1;1;0;0,2174;0,499771026;1;1,327560388;1,402323574;0;0
2000;ROCHA;1;0,156664939;0,44140516;0,36486702;0,037062881;0,273189748;0,350531137;0,308429978;0,067849138;1;2;2;1;6;3;3;4,954736143;4;2,836634129;0,078812061;0,144995169;0,429375444;0,44140516;0,530901676;0,74102835;0,703647485;1;0;0;0;0;0,1252;0,722337918;1;1,99238976;1,999240254;0;0
2000;SALTO;1;0,201027311;0,351152415;0,403021036;0,044799237;0,306637061;0,376325562;0,252440565;0,064596812;1;2;2;1;6;3;3;4,18618859;4;3,06353557;0,027933535;0,125463474;0,572478794;0,403021036;0,856206999;0,772555172;0,215689502;1;0;1;1;0;0,1426;0,494122337;1;1,971560924;1,326670173;0;0
2000;SAN JOSÉ;1;0,198949698;0,70585302;0,061303996;0,033893287;0,303716309;0,298125133;0,329757817;0,068400741;1;2;2;1;6;3;3;3,185238518;4;1,846303818;0,270177965;0,374754985;0,308138169;0,70585302;0,58247012;0,393621829;0,626294821;1;0;1;0;0;0,0977;0,509958325;1;1,947030486;1,928009158;0;0
2000;SORIANO ;1;0,225503402;0,388491693;0,355835319;0,030169585;0,322717302;0,36330604;0,249074865;0,064901793;1;2;2;1;6;3;3;3,446719892;4;3,045014158;0,04855562;0,13732552;0,633729677;0,388491693;0,909066631;0,789425966;0,136400053;1;0;0;0;0;0,1147;0,46291301;1;1,198076822;1,294554285;0;0
2000;TACUAREMBÓ;1;0,140994776;0,698930543;0,134640266;0,025434416;0,218545797;0,316658945;0,408381397;0,056413861;1;2;2;1;6;3;3;3,489494464;4;1,899209224;0,209667669;0,287621718;0,954930886;0,698930543;0,503415252;0,371566845;0,744877121;1;0;1;0;0;0,121;0,558221983;1;1,999906693;1,70207032;0;0
2000;TREINTA Y TRES;1;0,136917413;0,557667555;0,274643039;0,030771994;0,224130879;0,320829682;0,38997955;0,065059889;1;2;2;1;6;3;3;4,25;4;2,468030386;0,132624096;0,165019942;0,49852861;0,557667555;0,578166174;0,579653965;0,632750739;0;0;1;0;0;0,1122;0,606202352;1;1,952286503;1,698299253;0;0
2005;ARTIGAS;1;0,353008926;0,397885731;0,224116655;0,024988688;0,320604048;0,484602309;0,169256009;0,025537634;2;3;2;0;7;6;3;4,561559883;4;3,001591159;0,34629061;0,57821496;0,63487532;0,397885731;0,757882766;0,778618732;0,323787863;1;0;1;0;1;0,3693;0,551203298;1,753660938;1,634526914;1,181810572;0;0
2005;CANELONES;1;0,612046536;0,264527123;0,06349857;0,059927771;0,531744572;0,324685478;0,092119699;0,051450251;2;3;2;2;9;6;3;2,804961969;6;2,228795386;0,369390981;0,57966973;0,240045594;0,612046536;0,86364366;0,520217026;0,202245667;0;1;1;1;1;0,5104;0,361231347;1,298225741;2,145230545;1,559060063;0;0
2005;CERRO LARGO;1;0,339097668;0,575883996;0,06197221;0,023046126;0,380434246;0,479497605;0,110289881;0,029778268;2;2;2;0;6;5;3;4,245104226;4;2,219902868;0,153867033;0,583069539;0,182756226;0,575883996;0,525676228;0,593664839;0,710156569;1;0;1;0;1;0,4012;0,651910704;1,999351623;1,994151713;1,705631309;0;0
2005;COLONIA;1;0,335728654;0,550098255;0,07754561;0,036627481;0,414050417;0,421106106;0,114426344;0,050417132;3;2;2;0;7;6;3;4,587340025;4;2,37340754;0,309704435;0,621363531;0,230977037;0,550098255;0,547189752;0,617766072;0,677809719;0;0;1;0;1;0,3841;0,647787896;2,381859001;1,981179999;1,536856512;0;0
2005;DURAZNO;1;0,307394473;0,575690859;0,075336573;0,041578095;0,331227039;0,476512368;0,149816312;0,042444281;1;2;3;1;7;4;3;2,54090495;5;2,316499443;0,25017628;0,591727664;0,24508109;0,575690859;0,901578091;0,578006377;0,146643809;1;0;1;0;1;0,3471;0,362325093;1;1,211523938;2,826911938;0;0
2005;FLORES;1;0,178011032;0,728913404;0,070422535;0,022653028;0,317399517;0,501993913;0,146710043;0,033896526;2;2;2;0;6;6;3;3,25128595;4;1,760681135;0,103318382;0,715840716;0,395607702;0,728913404;0,59018441;0,360092112;0,613327456;0;0;1;0;1;0,3092;0,486709784;1,704754477;1,934730056;1,986725258;0;0
2005;FLORIDA;1;0,415189975;0,407707625;0,144236378;0,032866022;0,412555878;0,401831229;0,145341542;0,040271351;2;2;2;0;6;5;3;4,045816353;4;2,782319482;0,225176211;0,503082474;0,35377405;0,415189975;0,796725124;0,788663837;0,30152117;1;1;1;1;1;0,3842;0,545092504;1,464969322;1,639807347;1,42507;0;0
2005;LAVALLEJA;1;0,20332478;0,689545911;0,066183198;0,040946112;0,317389982;0,480516095;0,156153612;0,04594031;2;2;2;1;7;5;3;3,55266967;5;1,918435035;0,258252063;0,698520395;0,325504829;0,689545911;0,565367937;0,412116479;0,650330076;1;0;1;0;1;0,3075;0,531223277;1,999999902;1,964510715;1,843876303;0;0
2005;MALDONADO;1;0,473334995;0,455599859;0,02894939;0,042115756;0,478142633;0,368886354;0,094497973;0,05847304;3;3;2;1;9;5;2;3,76311701;5;2,311270681;0,225932628;0,574420062;0,063541263;0,473334995;0,506592081;0,754464935;0,707645059;0;1;1;1;1;0,4089;0,731054997;2,227286356;1,366780938;1,999233588;0;0
2005;MONTEVIDEO;1;0,584733006;0,099471793;0,258798726;0,056996475;0,613339113;0,245511636;0,082467557;0,058681694;1;1;1;4;7;3;3;2,201202697;8;2,386585215;0,024719033;0,67482459;0,384359671;0,584733006;1;0,544666357;0;0;1;1;1;1;0,5619;0,272333178;1;1;1;0;0
2005;PAYSANDÚ;1;0,474208982;0,433254265;0,059890913;0,032645841;0,45257708;0,456502092;0,06094097;0,029979858;3;2;3;1;9;5;3;4,979064358;5;2,402554302;0,123680838;0,510998181;0,138235021;0,474208982;0,380641515;0,742418151;0,794446799;0;1;0;1;1;0,4562;0,768432475;2,934669436;1,637414513;2,905738207;0;0
2005;RÍO NEGRO;1;0,401994518;0,498542019;0,069224937;0,030238526;0,397266006;0,43403543;0,137425024;0,031273539;3;2;2;0;7;7;3;3,423780507;4;2,410011211;0,354110253;0,562594006;0,172203685;0,498542019;0,8893958;0,70245524;0,164970463;0;0;1;0;1;0,4054;0,433712851;2,182429232;1,240908102;1,989104623;0;0
2005;RIVERA;1;0,206300113;0,262646399;0,500447076;0,030606412;0,300279133;0,451208165;0,217371077;0,031141625;1;2;3;1;7;5;3;3,432699291;5;2,762492575;0,136285628;0,774267926;0,785467128;0,500447076;0,879851205;0,630876123;0,165475528;1;0;0;0;1;0,3389;0,398175826;1;1,868649504;1,270504942;0;0
2005;ROCHA;1;0,49354534;0,370985516;0,08967648;0,045792664;0,438488223;0,387067099;0,125227591;0,049217088;2;2;2;0;6;6;3;3,629155342;4;2,568982794;0,343488205;0,543934629;0,241725016;0,49354534;0,670095694;0,691947418;0,49080941;1;1;1;1;1;0,4137;0,591378414;1,780483234;1,212917057;1,985985692;0;0
2005;SALTO;1;0,390627984;0,363334309;0,212429824;0,033607883;0,434321722;0,390888321;0,142607969;0,032181988;2;2;2;1;7;6;3;5,062917944;5;3,032474793;0,201501449;0,559989917;0,584667671;0,390627984;0,721916246;0,791039171;0,415072511;0;1;1;1;1;0,4626;0,603055841;1,663468454;1,797768815;1,97520307;0;0
2005;SAN JOSÉ;1;0,336149868;0,595245971;0,028175367;0,040428795;0,427951237;0,433593522;0,09768754;0,040767702;2;2;1;1;6;4;2;2,732672688;5;2,136065053;0,140929172;0,654193773;0,083817873;0,595245971;0,887727009;0,572828963;0,167702256;1;0;1;0;1;0,4278;0,370265609;1,910889419;1,245923035;1;0;0
2005;SORIANO ;1;0,343229299;0,520561617;0,092954411;0,043254673;0,430669589;0,4189755;0,114732917;0,035621995;2;3;3;1;9;7;3;5,372541074;5;2,515683489;0,259140568;0,593597511;0,270823066;0,520561617;0,571832451;0,651053032;0,53420206;0;0;0;0;1;0,4372;0,592627546;1,961691972;2,373363808;2,964863662;0;0
2005;TACUAREMBÓ;1;0,216799164;0,71410699;0,044420866;0,02467298;0,325827185;0,520485957;0,120982958;0,032703901;2;2;1;0;5;5;3;2,959988212;4;1,789152384;0,093024003;0,683408399;0,204894083;0,71410699;0,508571175;0,394292592;0,735757213;0;0;1;0;1;0,3724;0,565024902;1,780889783;1,999202736;1;0;0
2005;TREINTA Y TRES;1;0,446886664;0,435156111;0,089223295;0,02873393;0,374838395;0,470767374;0,112247536;0,042146695;1;2;2;0;5;4;3;2,64;4;2,518705622;0,310761217;0,556909675;0,20503744;0,446886664;1;0,770691392;0;1;1;0;1;1;0,3815;0,385345696;1;1,22410567;1,765522879;0;0
2010;ARTIGAS;1;0,447381457;0,39810173;0,094794618;0,059722195;0,369306477;0,409399557;0,186942092;0,034351873;2;2;2;2;8;4;3;4,040476466;5;2,720140931;0,113698997;0,094118662;0,23811657;0,447381457;0,669172932;0,751669408;0,496240602;1;1;0;1;0;0,4019;0,623955005;1,79456224;1,486331268;1,999970765;0;0
2010;CANELONES;1;0,52488816;0,228188432;0,095266903;0,151656504;0,510443223;0,280775256;0,14307215;0,065709371;1;2;2;2;7;3;3;2,434023336;5;2,968929062;0,082328109;0,0642839;0,417492256;0,52488816;1;0,589206056;0;1;1;1;1;0;0,5095;0,294603028;1;1,856640207;1,851375128;0;0
2010;CERRO LARGO;1;0,354316814;0,492718727;0,075847283;0,077117177;0,401247067;0,425995565;0,136422074;0,036335294;2;2;2;1;7;4;3;3,386208702;4;2,673324258;0,056665737;0,092773269;0,214066282;0,492718727;0,820032874;0,68443968;0,269950689;0;0;1;0;0;0,4476;0,477195185;1,569446862;1,418757517;1,97212846;0;0
2010;COLONIA;1;0,305623308;0,511882119;0,100505717;0,081988856;0,384119985;0,355350898;0,208746932;0,051782185;3;2;3;0;8;4;3;4,200016644;4;2,735735174;0,046373638;0,183662634;0,328854884;0,511882119;0,674330005;0,640929535;0,488504992;1;0;0;0;0;0,4218;0,564717264;1,822510314;1,783224454;1,947107111;0;0
2010;DURAZNO;1;0,263761966;0,609890772;0,06421045;0,062136812;0,347137921;0,415981884;0,187202353;0,049677841;2;2;2;2;8;4;3;4,019285341;5;2,24350907;0,045136771;0,206145612;0,2434409;0,609890772;0,500674282;0,52199021;0,748988577;0;0;1;0;0;0,3688;0,635489394;1,851357829;1,999996363;1,975971164;0;0
2010;FLORES;1;0,235104837;0,595754619;0,102397758;0,066742786;0,309186035;0,443455076;0,209377201;0,037981688;2;1;3;1;7;3;3;2,285085009;4;2,376828739;0,114487376;0,171255109;0,435540839;0,595754619;1;0,521797799;0;1;0;1;0;0;0,3352;0,2608989;1,988712937;1;2,154179986;0;0
2010;FLORIDA;1;0,417376729;0,422405364;0,102807655;0,057410253;0,38415156;0,361861044;0,203434996;0,0505524;2;3;2;1;8;4;3;3,668677475;4;2,753248658;0,030593361;0,109124301;0,246318608;0,422405364;0,735282947;0,786283;0,335311432;1;0;0;0;0;0,3971;0,560797216;1,258747462;1,736610032;1,896165268;0;0
2010;LAVALLEJA;1;0,320408208;0,529350958;0,085842479;0,064398355;0,307506828;0,416567088;0,223796518;0,052129566;1;2;2;2;7;4;3;3,064234579;5;2,562227928;0,14866891;0,140498272;0,26791598;0,529350958;0,779000459;0,630853146;0,331499312;0;0;1;0;0;0,3448;0,481176229;1;1,52512837;1,990838724;0;0
2010;MALDONADO;1;0,479729984;0,305180011;0,126562853;0,088527152;0,408855791;0,315574673;0,213058073;0,062511464;3;3;2;2;10;5;3;5,25401878;5;2,946570488;0,129104736;0,094456887;0,41471541;0,479729984;0,560490469;0,672860021;0,659264296;1;1;1;1;0;0,3941;0,666062159;2,141962351;1,859614984;1,431949774;0;0
2010;MONTEVIDEO;1;0,458994447;0,197943131;0,181035292;0,16202713;0,561919201;0,217588268;0,149557097;0,070935433;1;2;2;2;7;3;3;2,833703479;5;3,534460172;0,154470381;0,086872511;0,914582345;0,458994447;1;0,639977118;0;0;1;1;1;0;0,5351;0,319988559;1;1,724125608;1,122460351;0;0
2010;PAYSANDÚ;1;0,42241579;0,439412264;0,076644965;0,061526981;0,45621422;0,35027393;0,143761157;0,049750693;2;3;3;1;10;4;3;4,749189477;4;2,649563545;0,038360468;0,103105738;0,181444367;0,439412264;0,667206073;0,771795631;0,420133577;1;0;0;0;0;0,4854;0,595964604;1,949506255;1,997295515;2,984631632;0;0
2010;RÍO NEGRO;1;0,367657881;0,423723732;0,154978331;0,053640056;0,405437259;0,303920798;0,247426731;0,043215212;3;2;2;0;7;4;3;3,923712008;3;2,952182888;0,097454159;0,134286983;0,421528653;0,423723732;0,927465152;0,760105209;0,108802272;1;0;0;0;0;0,4306;0,43445374;2,337114477;1,155464365;1,379420778;0;0
2010;RIVERA;1;0,212987304;0,247469098;0,48473069;0,054812909;0,338892432;0,352489382;0,271423337;0,037194849;3;3;3;1;10;5;3;4,281218185;4;2,927603024;0,019535761;0,226593408;0,860662222;0,48473069;0,829528378;0,639003859;0,237530343;0;0;0;0;0;0,3626;0,438267101;2,889637849;2,099439201;1,413574523;0;0
2010;ROCHA;1;0,524805542;0,301052591;0,077570527;0,09657134;0,413715076;0,337865131;0,192710476;0,055709317;1;2;2;2;8;3;3;2,477064797;5;2,687319815;0,061486814;0,137530595;0,257664374;0,524805542;1;0,625720754;0;1;1;1;1;0;0,4245;0,312860377;1;1,548671023;1,877631988;0;0
2010;SALTO;1;0,403315777;0,124503232;0,419284175;0,052896816;0,462583302;0,270085154;0,224974546;0,042356997;3;3;2;2;10;5;3;4,518522162;5;2,824726298;0,230434011;0,203806149;0,308699136;0,419284175;0,797055039;0,782373713;0,304417441;1;0;0;0;0;0,5005;0,543395577;2,126797996;1,994851443;1,478232889;0;0
2010;SAN JOSÉ;1;0,324152119;0,558715963;0,038986828;0,07814509;0,427814993;0,35168302;0,164827529;0,055674459;2;2;1;3;8;4;3;2,555850358;5;2,387653787;0,031979376;0,22533708;0,120273248;0,558715963;0,946395611;0,603360096;0,080406583;0;0;0;0;0;0,4461;0,34188334;1,690329577;1,112918883;1;0;0
2010;SORIANO ;1;0,318928967;0,538663492;0,060759246;0,081648294;0,437203923;0,302580921;0,214363801;0,045851355;3;3;2;2;10;5;3;3,264651346;5;2,527781892;0,037446526;0,25893217;0,190510277;0,538663492;0,857242509;0,620800991;0,203945772;1;0;0;0;0;0,4579;0,412373382;2,241832887;1,332878157;1,997269128;0;0
2010;TACUAREMBÓ;1;0,232313241;0,672576203;0,051283612;0,043826944;0,372421505;0,420872201;0,165538652;0,041167643;3;2;2;0;7;3;3;3,699668154;3;1,964797899;0,031953805;0,261412842;0,220751998;0,672576203;0,539548599;0,443580418;0,690677101;1;0;1;0;0;0,3949;0,567128759;2,741205894;1,987565064;1,896148027;0;0
2010;TREINTA Y TRES;1;0,407558592;0,497112074;0,053287793;0,042041542;0,381460856;0,432769247;0,144706964;0,041062933;2;3;2;2;9;5;3;3,25;5;2,403391951;0,071303315;0,096089369;0,130748791;0,497112074;0,752788208;0,706667222;0,310401838;1;0;1;0;0;0,3982;0,50853453;1,199509379;1,674306208;1,895475119;0;0
2015;ARTIGAS;1;0,346003823;0,487498537;0,125697234;0,040800406;0,401880958;0,382065028;0,166011015;0,050042999;3;2;2;0;7;6;3;4,869279053;3;2,679720379;0,112582243;0,111241649;0,363282791;0,487498537;0,544123677;0,685503374;0,683823512;1;0;0;0;0;0,2663;0,684663443;2,013716905;1,984555489;1,619797153;0;0
2015;CANELONES;1;0,507173679;0,246530001;0,082847832;0,163448488;0,509527597;0,286565351;0,108937635;0,094969417;2;2;3;3;10;5;3;4,226467057;6;3,07522716;0,02869792;0,048708167;0,336055782;0,507173679;0,640699458;0,616091321;0,538950813;0;1;1;1;0;0,4281;0,577521067;1,853248052;1,748182149;2,805692313;0;0
2015;CERRO LARGO;1;0,330781402;0,603449103;0,029967874;0,035801621;0,447611746;0,383378057;0,118408342;0,050601855;3;3;1;1;8;7;2;3,022522129;4;2,10761799;0,090543524;0,222443736;0,090597217;0,603449103;0,849543914;0,561941599;0,194787716;1;0;0;0;0;0,295;0,378364657;2,675220134;1,363469096;1;0;0
2015;COLONIA;1;0,369754382;0,53525441;0,033876;0,061115208;0,421822605;0,374231766;0,132956048;0,070989581;2;3;1;1;7;6;3;4,360960719;4;2,356365133;0,078528946;0,173639511;0,091617575;0,53525441;0,596393387;0,649622781;0,543835735;0;0;0;0;0;0,3495;0,596729258;1,845525779;2,224672973;1;0;0
2015;DURAZNO;1;0,260448615;0,628725109;0,046761273;0,064065003;0,368847546;0,443553937;0,124925072;0,062673445;2;3;2;2;9;5;3;3,843220091;5;2,148212139;0,023861557;0,192735609;0,17954126;0,628725109;0,657526212;0,501499199;0,47802097;0;0;1;0;0;0,2804;0,489760084;1,984486413;1,957276176;1,914321681;0;0
2015;FLORES;1;0,113003327;0,790526786;0,055756914;0,040712974;0,335243553;0,469039872;0,14093536;0,054781215;2;2;2;1;7;5;3;2,862890001;4;1,560462046;0,182648231;0,324524324;0,49340949;0,790526786;0,554569778;0,265974877;0,668145648;0;0;1;0;0;0,2543;0,467060262;1,895932644;1,976473895;1,705758652;0;0
2015;FLORIDA;1;0,306932246;0,571086888;0,062833281;0,059147585;0,397083026;0,376009685;0,154342357;0,072564932;2;2;1;2;7;4;3;2,559138452;5;2,356051459;0,156376847;0,200979833;0,204713848;0,571086888;0,964674906;0,582379235;0,052987813;1;0;0;0;0;0,3212;0,317683524;1,87829345;1,073140355;1;0;0
2015;LAVALLEJA;1;0,333683542;0,535491496;0,068991179;0,061833782;0,344826863;0,423588667;0,165309549;0,066274921;1;3;2;2;8;6;3;3,692846376;5;2,481922156;0,019669423;0,12027112;0,206756314;0,535491496;0,540895565;0,631350275;0,656928674;1;0;1;0;0;0,247;0,644139474;1;2,206778738;1,952589224;0;0
2015;MALDONADO;1;0,397614583;0,456835311;0,073176229;0,072373878;0,394075199;0,354559649;0,159429464;0,091935688;3;3;2;2;11;7;3;4,820752612;5;2,68631552;0,145553195;0,116221993;0,184038091;0,456835311;0,566794411;0,741971981;0,599308521;0;0;0;0;0;0,2908;0,670640251;1,788515606;2,263387672;1,619805514;0;0
2015;MONTEVIDEO;1;0,511995531;0;0;0,488004469;0,535131225;0,25706284;0,106188004;0,101617931;3;0;0;7;10;4;2;3,996204533;6;2,449249276;0,407440794;0,361829152;0,016953165;0,511995531;0,637041743;0,691625735;0,533871396;0;1;1;1;0;0,4741;0,612748566;1,911636691;0;0;0;0
2015;PAYSANDÚ;1;0,448411703;0,431361971;0,052203041;0,068023285;0,485446121;0,342616134;0,109409528;0,062528217;3;3;2;1;9;7;3;4,34327227;4;2,563408259;0,034252959;0,100556608;0,121019108;0,448411703;0,743477127;0,767269283;0,384799377;1;1;1;1;0;0,3777;0,57603433;2,209895988;1,633195037;1,866175335;0;0
2015;RÍO NEGRO;1;0,427301023;0,421102189;0,08654827;0,065048518;0,430554184;0,34199348;0,162353057;0,065099279;2;2;2;2;8;6;3;3,639636434;5;2,721316548;0,070722311;0,08782229;0,20552795;0,427301023;0,518372406;0,783250072;0,722442003;0;1;1;1;0;0,34;0,752846037;1,99730564;1,179955321;1,887395772;0;0
2015;RIVERA;1;0,190394651;0,191277995;0,561317678;0,057009676;0,362648042;0,316959079;0,268717444;0,051675435;3;2;3;3;11;6;3;3,159060258;6;2,577619001;0,081382907;0,300873592;0,995381883;0,561317678;0,886160569;0,53432132;0,1538795;1;0;0;0;0;0,1921;0,34410041;2,242213002;1,692236;1,261307423;0;0
2015;ROCHA;1;0,45717547;0,419231678;0,033240179;0,090352673;0,424521114;0,344670585;0,144354956;0,086453345;3;2;1;2;8;6;3;4,155611525;5;2,589473798;0,122650805;0,118296634;0,07928833;0,45717547;0,554900253;0,752440368;0,66766765;0;1;1;1;0;0,3282;0,710054009;2,303371064;1,489580512;1;0;0
2015;SALTO;1;0,454307446;0,064199788;0,437346243;0,044146523;0,500468407;0,216668687;0,227194075;0,055668831;3;1;2;3;9;5;3;3,441540895;5;2,48842868;0,06548682;0,213730052;0,146793962;0,454307446;0,729525557;0,764365676;0,405713736;1;1;1;1;0;0,3565;0,585039706;2,211178068;1;1,101817623;0;0
2015;SAN JOSÉ;1;0,306142873;0,569646482;0,018831755;0,10537889;0,446083108;0,36162347;0,115373403;0,076920019;1;1;1;2;5;2;2;2,01380349;5;2,387405951;0,030893872;0,231496729;0,061512961;0,569646482;1;0,583424955;0;1;0;0;0;0;0,3725;0,291712477;1;1;1;0;0
2015;SORIANO ;1;0,226757844;0,628318584;0,084424779;0,060498793;0,457941794;0,337317155;0,137958824;0,066782228;2;2;2;1;7;5;3;3,749386971;4;2,205651408;0,103396798;0,300400069;0,372312496;0,628318584;0,615074776;0,485060338;0,577387836;0;0;0;0;0;0,3473;0,531224087;1,907909586;1,899393817;1,730104703;0;0
2015;TACUAREMBÓ;1;0,298757235;0,583157611;0,065054511;0,053030643;0,394877012;0,407408977;0,143827972;0,05388604;3;2;2;1;8;6;3;4,069678229;4;2,306285613;0,087852619;0,184824089;0,217750413;0,583157611;0,653276914;0,566221006;0,520085013;0;0;1;0;0;0,2774;0,543153009;2,578761395;1,82820684;1,679166828;0;0
2015;TREINTA Y TRES;1;0,293349873;0,638854431;0,019119789;0,048675907;0,398166186;0,456894984;0,090911452;0,054027377;3;2;1;1;7;4;2;3,54;4;2,021637895;0,147206617;0,185547273;0,065177422;0,638854431;0,61661165;0,507820506;0,575082735;1;0;1;0;0;0,2667;0,541451621;1,906958486;1,896819616;1;0;0
2020;ARTIGAS;1;0,222240606;0,711517383;0,064939094;0,001302918;0,273563636;0,440436364;0,087509091;0,198490909;3;3;2;1;9;5;3;2,482835195;4;1,786139591;0,224018845;0,271081019;0,293532338;0,644;0,548;0,39960292;0,181889764;1;0;1;1;1;0,644;0,290746342;2,948552432;1,321852629;1,977882117;0;0
2020;CANELONES;1;0,607217014;0,303422253;0,050647407;0,008319364;0,448305759;0,287356452;0,099671041;0,164666748;1;2;1;4;8;4;3;2,354336041;6;2,157907296;0,172132568;0,190174036;0,163424125;0,515;0,502;0,544494112;0;1;1;1;0;1;0,515;0,272247056;1;1,830264652;1;0;0
2020;CERRO LARGO;1;0,130085653;0,859337486;0,010576861;0;0,305030434;0,401928767;0,080600402;0,212440397;1;2;1;0;4;3;2;2,594228759;3;1,323635388;0,255888384;0,457408719;0,080645161;0,817;0,412;0,20570534;0,736093943;0;0;1;1;1;0,817;0,470899642;1;1,999062061;1;0;0
2020;COLONIA;1;0,371829981;0,547606007;0,07632246;0,004241552;0,363791686;0,349087531;0,168184779;0,118936004;2;3;2;0;7;5;3;3,800321977;4;2,252389311;0,056873656;0,206556772;0,201863354;0,468;0,335;0,638308984;0,407327586;1;0;0;1;1;0,468;0,522818285;1,670867774;1,694183384;1,626522396;0;0
2020;DURAZNO;1;0,241348713;0,552642921;0,123716567;0,018202561;0,289458551;0,366650447;0,129434663;0,214456339;3;1;3;3;10;7;4;2,971819447;6;2,636431916;0,108999914;0,218037093;0,511627907;0,491;0,485;0,568031436;0;1;0;1;1;1;0,491;0,284015718;2,996392873;1;2,861307836;0;0
2020;FLORES;1;0,220560547;0,53526279;0,19398569;0,002904944;0,262317766;0,363577959;0,200395355;0,17370892;3;1;3;2;9;6;4;3,023307723;5;2,682460309;0,269429011;0,195327846;0,866028708;0,501;0,497;0,575017483;0;1;0;1;1;1;0,501;0,287508742;1,934680163;1;1,011854425;0;0
2020;FLORIDA;1;0,347682908;0,538899842;0,090062179;0;0,333636047;0,363430846;0,153012328;0,149920779;3;2;2;2;9;6;3;3,377562409;4;2,384315171;0,079657096;0,201193392;0,255520505;0,487;0,437;0,634941612;0,137214137;0;0;1;1;1;0,487;0,386077875;2,446115849;1,199890935;1,76304098;0;0
2020;LAVALLEJA;1;0,227235357;0,599367199;0,116619746;0,007573681;0,255754255;0,379834761;0,176844921;0,187566063;3;2;2;3;10;7;4;4,656131088;6;2,355521317;0,136106278;0,244134446;0,512195122;0,538;0,304;0,51425048;0,639622642;0;0;1;1;1;0,538;0,576936561;2,834897553;1,956753672;1,299983179;0;0
2020;MALDONADO;1;0,285546919;0,632340908;0,052041879;0,009586417;0,302477352;0,381880077;0,123270653;0,192371917;3;2;2;4;11;6;3;3,795636495;6;2,065295031;0,185747536;0,26070277;0,180392157;0,557;0,379;0,510432551;0,464480874;1;0;1;1;1;0,557;0,487456713;2,482600229;1,751532256;1,302370086;0;0
2020;MONTEVIDEO;1;0,558045326;0;0;0,441954674;0,491223573;0,240300932;0,110324069;0,158151426;3;0;0;2;5;4;2;3,371861256;4;1,973404352;0,046049794;0,350625001;0,02;0,521;0,207;0,662932012;0,772189349;1;1;1;0;1;0,521;0,71756068;2,85898064;0;0;0;0
2020;PAYSANDÚ;1;0,428079871;0,519042281;0,041408164;0,011469684;0,390942025;0,346381473;0,136037016;0,126639486;3;3;2;4;12;6;3;4,628113425;5;2,200203295;0,08768031;0,209798655;0,0975;0,485;0,287;0,694997654;0,545073375;1;1;0;1;1;0,4;0,620035515;1,998040905;2,183887888;1,867084176;0;0
2020;RÍO NEGRO;1;0,431832902;0,480165155;0,066628886;0;0,352146755;0,334444362;0,168283831;0,145125052;1;2;2;2;7;4;3;3,107160638;4;2,372605105;0,074281374;0,236093469;0,15308642;0,449;0,442;0,735751295;0,356896552;1;1;0;1;1;0,405;0,546323924;1;1,751170875;1,923910345;0;0
2020;RIVERA;1;0,093850152;0,252533564;0,603074924;0,0013137;0,197627027;0,264197084;0,275026848;0,263149042;2;3;3;2;10;8;4;4,282486892;4;2,292094733;0,127626645;0,352661906;0,378723404;0,561;0,407;0,523191858;0,389982111;0;0;1;0;1;0,561;0,456586984;1,995639133;2,877330068;1,706633941;0;0
2020;ROCHA;1;0,46861402;0,49634611;0,032770502;0,002269368;0,342489084;0,313753556;0,104868371;0,23888899;3;3;2;2;10;6;2;3,712567378;5;2,141155155;0,088552982;0,30871749;0,069879518;0,438;0,327;0,7379609;0,331797235;1;1;0;1;1;0,415;0,534879068;1,786917158;1,663317783;1,995865877;0;0
2020;SALTO;1;0,42129619;0,369944652;0,206106607;0,00265255;0,36744034;0,236253678;0,239740656;0,156565326;2;3;3;1;9;5;3;3,81503473;4;2,80240394;0,305744865;0,187546825;0,543909348;0,405;0,331;0,763676136;0,25875;1;1;1;0;1;0,405;0,511213068;1,4073061;1,353169853;1,220338262;0;0
2020;SAN JOSÉ;1;0,369340671;0,562597575;0,03431473;0,01129106;0,388276201;0,349829465;0,108027763;0,153866571;2;2;2;3;9;3;2;2,760514409;6;2,201510648;0,089908756;0,223996092;0,090625;0,482;0,454;0,622072761;0,066315789;0;0;0;1;1;0,482;0,344194275;1,927917529;1,091538328;1,802307457;0;0
2020;SORIANO ;1;0,257223336;0,596771964;0,107451441;0,01783369;0,360433395;0,322904305;0,161120787;0,155541513;3;2;3;4;12;6;3;3,894661697;6;2,303274588;0,063851939;0,284227443;0,411016949;0,541;0,401;0,531839704;0,37101927;0;0;0;1;1;0,541;0,451429487;2,503480037;1,588001699;2,102120779;0;0
2020;TACUAREMBÓ;1;0,186954873;0,621302617;0,082085071;0,003096954;0,286452289;0,356964928;0,144337193;0,212245591;2;2;2;2;8;6;4;4,10208373;5;2,337996614;0,108455808;0,317617932;0,578034682;0,571;0,368;0,47217482;0,524734982;0;0;1;1;1;0,571;0,498454901;1,983927191;1,831432375;1,76991499;0;0
2020;TREINTA Y TRES;1;0,206745294;0,760574018;0,028700906;0,003979782;0,277681297;0,396642459;0,08643827;0,239237975;3;3;2;1;9;5;2;3,519579494;4;1,60757222;0,131300705;0,363931559;0,136125654;0,7;0,3324;0,342798629;0,761258041;0;0;1;1;1;0,7;0,552028335;2,21592709;2,189102424;1,967246673;0;0